{
    "accuracy": 0.85,
    "auc": 0.642156862745098,
    "fairness_gap": 0.34444444444444444,
    "uncertainty": 0.11687354743480682
}